{
	"bloque a": [
		[-74.85140785574913,
			11.018540679431903
		],
		[-74.85095053911209,
			11.01851303541353
		]
	],
	"bloque b": [
		[-74.85132873058319,
			11.018825017755738
		],
		[-74.85085397958755,
			11.018817119472683
		]
	],
	"bloque c": [
		[-74.8512576520443,
			11.01906328252848
		],
		[-74.85082045197487,
			11.019059333390166
		]
	],
	"bloque d": [
		[-74.84986156225204,
			11.018107589512525
		],
		[-74.85026389360428,
			11.018343222100896
		]
	],
	"bloque e": [
		[-74.84978646039963,
			11.018389295489985
		],
		[-74.8501767218113,
			11.018642040810334
		]
	],
	"bloque f": [
		[-74.8497448861599,
			11.018564374302711
		],
		[-74.85006541013718,
			11.018851345364423
		]
	],
	"bloque g": [
		[-74.84944581985474,
			11.019521382212437
		],
		[-74.84997153282164,
			11.019974215681785
		]
	],
	"bloque i": [
		[-74.85110610723495,
			11.01957930281134
		],
		[-74.85042482614517,
			11.019858374628058
		]
	],
	"bloque j": [
		[-74.85186651349068,
			11.021039161413634
		],
		[-74.85134080052374,
			11.020827225672887
		]
	],
	"bloque k": [
		[-74.85139846801758,
			11.020205897652412
		],
		[-74.8510068655014,
			11.020492867113084
		]
	],
	"bloque l": [
		[-74.85190540552138,
			11.019263372133333
		],
		[-74.85132873058319,
			11.019434501292697
		]
	],
	"bambu 1": [
		[-74.85131531953812,
			11.019531913231258
		],
		[-74.85146015882492,
			11.019921560663022
		]
	],
	"bambu 2": [
		[-74.85239088535309,
			11.020777203550317
		],
		[-74.85203951597214,
			11.020516561826684
		]
	],
	"pasillo por el bloque c": [
		[-74.85085062682629,
			11.018981008802788
		],
		[-74.85010497272015,
			11.018782893576947
		]
	],
	"uninorte": [
		[-74.85247135162354,
			11.017699510281831
		],
		[-74.84913468360901,
			11.020658730068194
		]
	]
}